region,district,urbrur,population
Ashanti,Kumasi Metropolitan Area (KMA),Urban,444163
Greater Accra,Kpone Katamanso Municipal,Urban,390285
Northern,Tamale Metropolitan Area (TMA),Urban,374907
Greater Accra,Ga Central Municipal,Urban,332479
Greater Accra,Accra Metropolitan Area (AMA),Urban,284628
Northern,Sagnarigu Municipal,Urban,278891
Central,Gomoa East,Urban,267635
Greater Accra,Ga South Municipal,Urban,266878
Greater Accra,Ga East Municipal,Urban,265625
Ashanti,Kwabre East,Urban,248550
Greater Accra,Adentan Municipal,Urban,247499
Western,Sekondi Takoradi Metropolitan Area (STMA),Urban,244789
Greater Accra,Ga North Municipal,Urban,235408
Central,Awutu Senya East Municipal,Urban,229737
Greater Accra,Ledzokuku Municipal,Urban,217398
Greater Accra,Ga West Municipal,Urban,217266
Greater Accra,Weija Gbawe Municipal,Urban,213443
Ashanti,Oforikrom Municipal,Urban,213000
Greater Accra,Ashaiman Municipal,Urban,207871
Greater Accra,La Nkwantanang Madina Municipal,Urban,201123
Greater Accra,Tema West Municipal,Urban,196424
Ashanti,Asokore Mampong Municipal,Urban,191696
Central,Cape Coast Metropolitan Area (CCMA),Urban,189845
Bono East,Techiman Municipal,Urban,189122
Greater Accra,Tema Metropolitan Area (TMA),Urban,178138
Western,Effia Kwesimintsim Municipal,Urban,173909
Greater Accra,Ablekuma Central Municipal,Urban,169189
Greater Accra,Ningo-Prampram,Urban,161218
Greater Accra,Okaikoi North Municipal,Urban,160492
Greater Accra,Ablekuma North Municipal,Urban,159191
Bono,Sunyani Municipal,Urban,156102
Ashanti,Kwadaso Municipal,Urban,154471
Greater Accra,Ablekuma West Municipal,Urban,153474
Upper West,Wa Municipal,Urban,143405
Greater Accra,Krowor Municipal,Urban,143188
Greater Accra,La Dade-Kotopon Municipal,Urban,140365
Western,Wassa Amenfi East Municipal,Rural,138436
Ashanti,Suame Municipal,Urban,136414
Volta,Ketu South Municipal,Rural,134884
Ashanti,Atwima Kwanwoma,Urban,133168
Northern,Nanumba North Municipal,Rural,131304
Ashanti,Atwima Mponua,Rural,129942
Western,Tarkwa-Nsuaem Municipal,Urban,129592
Volta,Ho Municipal,Urban,126199
Ashanti,Asokwa Municipal,Urban,125627
Eastern,New Juaben South Municipal,Urban,125308
Ashanti,Afigya Kwabre South,Urban,123058
Upper East,Bawku West,Rural,122569
Volta,Ketu South Municipal,Urban,117695
Northern,Gushegu Municipal,Rural,117504
Western North,Aowin Municipal,Rural,117427
Western,Prestea/Huni Valley Municipal,Urban,115697
Central,Mfantsiman Municipal,Urban,114823
Ashanti,Old Tafo Municipal,Urban,114640
Western,Prestea/Huni Valley Municipal,Rural,113317
Ashanti,Afigya Kwabre South,Rural,111528
Upper East,Bongo,Rural,109063
Northern,Kpandai,Rural,107352
North East,East Mamprusi Municipal,Rural,107196
Ashanti,Atwima Nwabiagya South Municipal,Urban,106266
Central,Assin South,Rural,106064
Central,Agona West Municipal,Urban,104852
Central,Komenda Edina Eguafo Abirem Municipal,Rural,103979
Bono,Sunyani West Municipal,Urban,103719
Ashanti,Atwima Kwanwoma,Rural,101886
Ashanti,Ejisu Municipal,Rural,101625
Savannah,Central Gonja,Rural,100649
Ashanti,Atwima Nwabiagya North,Urban,100548
Central,Effutu Municipal,Urban,99767
Western,Wassa Amenfi Central,Rural,99530
Western North,Bibiani Anhwiaso Bekwai Municipal,Rural,98159
Greater Accra,Ga West Municipal,Rural,97228
Upper West,Wa West,Rural,97042
Oti,Nkwanta South Municipal,Rural,97003
Eastern,Nsawam Adoagyiri Municipal,Urban,96410
Eastern,Kwahu West Municipal,Urban,95119
Central,Awutu Senya,Urban,94810
Greater Accra,Ayawaso Central Municipal,Urban,94575
Eastern,Lower Manya Krobo Municipal,Urban,92204
Northern,Tolon,Rural,92089
North East,West Mamprusi Municipal,Rural,91860
Ashanti,Amansie South,Rural,91764
Ashanti,Obuasi Municipal,Urban,91587
Ashanti,Bosomtwi,Urban,91358
Bono,Berekum East Municipal,Urban,91325
Savannah,Sawla Tuna Kalba,Rural,90219
Ashanti,Asante Akim South Municipal,Rural,90021
Western,Tarkwa-Nsuaem Municipal,Rural,89791
Upper East,Bolgatanga Municipal,Urban,89773
Ashanti,Bekwai Municipal,Rural,89564
Western,Jomoro Municipal,Rural,88199
Western North,Sefwi Wiawso Municipal,Rural,88140
Ashanti,Sekyere South,Urban,87415
Ashanti,Ejura Sekyedumase Municipal,Urban,87275
Western,Ellembelle,Rural,87265
Upper West,Wa East,Rural,85948
Northern,Mion,Rural,85036
Northern,Saboba,Rural,84912
Savannah,East Gonja Municipal,Rural,84910
Western,Wassa East,Rural,84792
Volta,Hohoe Municipal,Urban,84459
Northern,Karaga,Rural,84402
North East,West Mamprusi Municipal,Urban,84180
Northern,Nanumba South,Rural,83950
Greater Accra,Ga South Municipal,Rural,83412
Northern,Kumbungu,Rural,83258
Bono East,Atebubu Amantin Municipal,Urban,82551
Western,Ahanta West Municipal,Rural,82227
Bono East,Kintampo North Municipal,Urban,81804
Ashanti,Amansie Central,Rural,81294
North East,East Mamprusi Municipal,Urban,80707
Upper East,Bawku Municipal,Urban,80449
Northern,Yendi Municipal,Urban,79837
Ahafo,Asunafo North Municipal,Urban,79332
Ashanti,Ejisu Municipal,Urban,79176
Central,Ajumako Enyan Essiam,Rural,78335
Western North,Bia West,Rural,78190
Volta,South Tongu,Rural,77878
Northern,Savelugu Municipal,Urban,77215
Upper East,Binduri,Rural,76836
Upper East,Talensi,Rural,76700
Eastern,New Juaben North Municipal,Urban,76610
Savannah,Bole,Rural,76596
Central,Gomoa West,Rural,76558
Oti,Krachi East Municipal,Rural,76021
Western,Shama,Urban,75723
Western,Wassa Amenfi West Municipal,Rural,75448
Greater Accra,Ayawaso West Municipal,Urban,75260
Eastern,Asuogyaman,Rural,74862
Bono East,Kintampo South,Rural,74752
Northern,Yendi Municipal,Rural,74598
Upper East,Tempane,Rural,74174
Central,Twifo Ati Morkwa,Rural,74098
Eastern,Birim Central Municipal,Urban,73915
Central,Abura Asebu Kwamankese,Rural,73816
Ashanti,Bosomtwi,Rural,73661
Upper West,Jirapa Municipal,Rural,72664
North East,Chereponi,Rural,72651
Upper East,Kasena Nankana West,Rural,72470
Ashanti,Amansie West,Rural,72326
Volta,Central Tongu,Rural,72023
Ashanti,Adansi Asokwa,Rural,71958
Ahafo,Asunafo North Municipal,Rural,71901
Western,Ahanta West Municipal,Urban,71278
Upper East,Kasena Nankana Municipal,Rural,71035
Western,Nzema East Municipal,Rural,71017
Bono,Jaman South,Rural,70914
Bono East,Techiman North,Urban,70101
Eastern,Kwaebibirem Municipal,Rural,70071
Ashanti,Offinso Municipal,Rural,69993
Bono,Jaman North,Urban,69987
Western North,Bibiani Anhwiaso Bekwai Municipal,Urban,69896
Ashanti,Obuasi East,Urban,69351
Greater Accra,Korle Klottey Municipal,Urban,68698
Volta,Ketu North Municipal,Rural,67861
Bono,Dormaa Central Municipal,Rural,67695
Eastern,Upper West Akim,Rural,67657
Ashanti,Offinso Municipal,Urban,67503
Eastern,Ayensuano,Rural,67356
Eastern,West Akim Municipal,Urban,67129
Eastern,Suhum Municipal,Rural,66904
Oti,Nkwanta North (Kpassa),Urban,66865
Ashanti,Adansi South,Rural,66376
Volta,Ho West,Rural,66262
Central,Awutu Senya,Rural,66243
Central,Upper Denkyira West,Rural,65854
Ashanti,Ahafo Ano North Municipal,Rural,65676
Central,Asikuma Odoben Brakwa,Urban,65535
Eastern,Abuakwa North Municipal,Urban,65464
Bono East,Sene East,Rural,65074
Bono East,Pru East,Urban,64745
Eastern,Yilo Krobo Municipal,Rural,64454
Western North,Juaboso,Rural,64110
Northern,Tatale Sanguli,Rural,64089
Bono,Wenchi Municipal,Urban,63909
Bono East,Nkoranza South Municipal,Urban,63511
Greater Accra,Ayawaso North Municipal,Urban,62985
Western North,Sefwi Wiawso Municipal,Urban,62900
Northern,Sagnarigu Municipal,Rural,62846
Volta,North Tongu,Rural,62489
Upper West,Nadowli Kaleo,Rural,62367
Bono East,Atebubu Amantin Municipal,Rural,62298
Ashanti,Bosome Freho,Rural,62224
Ashanti,Mampong Municipal,Urban,62182
Central,Komenda Edina Eguafo Abirem Municipal,Urban,62173
Ahafo,Asunafo South,Rural,62028
Upper West,Sissala East Municipal,Rural,61905
Central,Asikuma Odoben Brakwa,Rural,61356
Central,Gomoa Central,Rural,61232
Volta,Afadzato South,Rural,61193
Volta,Anloga,Urban,61023
Bono,Wenchi Municipal,Rural,60820
Northern,Zabzugu,Rural,60456
Central,Assin North,Rural,60366
Ashanti,Asante Akim Central Municipal,Urban,60253
Greater Accra,Shai-Osudoku,Rural,60206
Upper East,Garu,Rural,59846
Eastern,Akyemansa,Rural,59755
North East,Bunkpurugu Nakpanduri,Rural,59498
Eastern,Nsawam Adoagyiri Municipal,Rural,59480
Eastern,Suhum Municipal,Urban,59425
Oti,Nkwanta North (Kpassa),Rural,59205
Eastern,Akwapim North Municipal,Urban,58923
Bono East,Kintampo North Municipal,Rural,58453
Eastern,Yilo Krobo Municipal,Urban,57985
Bono,Tain,Rural,57885
Bono,Tain,Urban,57645
Northern,Nanumba North Municipal,Urban,57592
Upper West,Wa Municipal,Rural,57482
Ashanti,Asante Akim North Municipal,Urban,57173
North East,Yunyoo Nasuan,Rural,56931
Central,Upper Denkyira East Municipal,Urban,56901
Volta,Akatsi South Municipal,Rural,56874
Upper West,Sissala West,Rural,56252
Oti,Krachi Nchumuru,Rural,56079
Eastern,Birim North,Rural,55962
North East,Mamprugu Moagduri,Rural,55840
Western,Wassa Amenfi West Municipal,Urban,55651
Ashanti,Atwima Nwabiagya South Municipal,Rural,55343
Ashanti,Atwima Nwabiagya North,Rural,54693
Upper East,Pusiga,Rural,54641
Ashanti,Mampong Municipal,Rural,54552
Central,Mfantsiman Municipal,Rural,54476
Bono East,Techiman Municipal,Rural,54218
Western North,Sefwi Akontombra,Rural,54218
Volta,Ho Municipal,Rural,53994
Central,Upper Denkyira East Municipal,Rural,53222
Western North,Bia East,Rural,53132
Upper East,Nabdam,Rural,53040
Central,Gomoa West,Urban,52919
Upper East,Bolgatanga Municipal,Rural,52786
Greater Accra,Ayawaso East Municipal,Urban,52780
Eastern,Denkyembuor,Urban,52428
Bono East,Sene West,Rural,52082
Eastern,Kwahu Afram Plains North,Rural,51946
Eastern,Kwaebibirem Municipal,Urban,51463
Central,Agona East,Rural,51281
Eastern,West Akim Municipal,Rural,51099
Bono East,Nkoranza South Municipal,Rural,51013
Ashanti,Ahafo Ano South West,Rural,50961
Eastern,Kwahu West Municipal,Rural,50944
Upper East,Builsa North Municipal,Rural,50710
Central,Abura Asebu Kwamankese,Urban,50504
Ashanti,Ejura Sekyedumase Municipal,Rural,50493
Greater Accra,Ada East,Rural,49988
Oti,Kadjebi,Rural,49806
Central,Assin Fosu Municipal,Urban,49663
Ashanti,Sekyere Central,Rural,49624
Ahafo,Tano South Municipal,Urban,49488
Eastern,Upper Manya Krobo,Rural,49106
Upper West,Lawra Municipal,Rural,49007
Bono,Dormaa East,Urban,48980
Volta,North Tongu,Urban,48809
Ashanti,Bekwai Municipal,Urban,48757
Volta,Keta Municipal,Urban,48193
Ahafo,Tano North Municipal,Urban,48102
Ashanti,Ahafo Ano South East,Rural,47798
Ashanti,Kwabre East,Rural,47750
Central,Twifo Heman Lower Denkyira,Rural,47490
Eastern,Kwahu Afram Plains South,Rural,47481
Eastern,Abuakwa South Municipal,Rural,47466
Central,Agona East,Urban,47452
Volta,Ketu North Municipal,Urban,47111
Bono,Jaman North,Rural,46498
Oti,Krachi West Municipal,Rural,46475
Ashanti,Sekyere East,Urban,46418
Eastern,Akwapim North Municipal,Rural,46362
Eastern,Akwapim South Municipal,Rural,46152
Ahafo,Tano North Municipal,Rural,45773
Northern,Savelugu Municipal,Rural,45519
Greater Accra,Shai-Osudoku,Urban,45317
Oti,Jasikan Municipal,Rural,45158
Oti,Biakoye,Rural,45153
Bono,Dormaa Central Municipal,Urban,44920
Eastern,Kwahu East,Rural,44860
Ashanti,Offinso North,Urban,44662
Upper West,Nandom,Rural,44480
Bono East,Nkoranza North,Rural,44375
Eastern,Kwahu South Municipal,Rural,44214
Ashanti,Afigya Kwabre North,Urban,44080
Central,Ekumfi,Rural,43462
Savannah,North Gonja,Rural,43431
Western North,Bodi,Rural,43420
Greater Accra,Ningo-Prampram,Rural,43317
Upper West,Lambussie Karni,Rural,43293
Greater Accra,Ada West,Rural,42720
Central,Ajumako Enyan Essiam,Urban,42347
Savannah,Central Gonja,Urban,42136
Ashanti,Juaben Municipal,Rural,41488
Western,Shama,Rural,41466
Western,Wassa Amenfi East Municipal,Urban,41399
Eastern,Abuakwa South Municipal,Urban,41296
Eastern,Asene Manso Akroso,Urban,41189
Eastern,Okere,Rural,41116
Eastern,Atiwa West,Rural,40959
Central,Gomoa East,Rural,40902
Ashanti,Amansie West,Urban,39888
Volta,North Dayi,Rural,39642
Volta,South Dayi,Rural,39615
Central,Assin Fosu Municipal,Rural,39555
Savannah,North East Gonja,Rural,39480
Savannah,Bole,Urban,39188
Eastern,Atiwa East,Rural,39087
Savannah,West Gonja,Urban,39076
Upper East,Bawku Municipal,Rural,39000
Ashanti,Offinso North,Rural,38982
Bono East,Pru West,Rural,38975
Oti,Nkwanta South Municipal,Urban,38941
Bono,Jaman South,Urban,38888
Volta,Adaklu,Rural,38752
Ashanti,Akrofuom,Rural,38386
Western,Jomoro Municipal,Urban,38115
Ahafo,Asutifi North,Rural,37809
Ahafo,Tano South Municipal,Rural,37689
Western North,Bia West,Urban,37630
Northern,Nanton,Rural,37573
Bono,Sunyani Municipal,Rural,37361
Northern,Gushegu Municipal,Urban,36427
Eastern,Asene Manso Akroso,Rural,36249
Bono East,Pru East,Rural,36157
Ahafo,Asutifi North,Urban,35738
Volta,South Tongu,Urban,35499
Eastern,Kwahu South Municipal,Urban,35485
Eastern,Kwahu East,Urban,35460
Volta,Akatsi South Municipal,Urban,35386
Oti,Krachi East Municipal,Urban,34466
Ahafo,Asutifi South,Rural,34001
Western,Ellembelle,Urban,33984
Eastern,Fanteakwa North,Rural,33832
Upper West,Daffiama Bussie Issa,Rural,33640
Ashanti,Sekyere Kumawu,Urban,33630
Volta,Anloga,Rural,33596
Bono,Berekum West,Rural,33519
Ashanti,Asante Akim South Municipal,Urban,33437
Ahafo,Asutifi South,Urban,33381
Ashanti,Adansi North,Rural,33288
Greater Accra,Ada West,Urban,33258
Savannah,East Gonja Municipal,Urban,32910
Volta,Akatsi North,Rural,32725
Bono East,Techiman North,Rural,32476
Ashanti,Sekyere South,Rural,32362
Bono,Sunyani West Municipal,Rural,32323
Bono,Dormaa West,Rural,31688
Central,Agona West Municipal,Rural,31457
Ashanti,Asante Akim Central Municipal,Rural,31276
Eastern,Akyemansa,Urban,31262
Volta,Agortime-Ziope,Rural,31220
Bono East,Pru West,Urban,30836
Upper East,Builsa South,Rural,30796
Ashanti,Sekyere Kumawu,Rural,30681
Volta,Kpando Municipal,Rural,30555
Volta,Keta Municipal,Rural,30512
Eastern,Fanteakwa South,Rural,30420
Eastern,Akwapim South Municipal,Urban,30381
Volta,Hohoe Municipal,Rural,30013
Eastern,Lower Manya Krobo Municipal,Rural,29891
Northern,Karaga,Urban,29847
Ahafo,Asunafo South,Urban,29599
Ashanti,Afigya Kwabre North,Rural,29100
Upper East,Kasena Nankana Municipal,Urban,28842
Eastern,Achiase,Urban,28526
Ashanti,Asante Akim North Municipal,Rural,28506
Ashanti,Sekyere East,Rural,28329
Eastern,Upper West Akim,Urban,28324
Oti,Guan,Rural,28268
Bono,Banda,Rural,28103
Volta,Kpando Municipal,Urban,27915
Eastern,Achiase,Rural,27796
Northern,Kumbungu,Urban,27613
Ashanti,Sekyere Afram Plains,Rural,27603
Ashanti,Ahafo Ano North Municipal,Urban,27083
Upper East,Bolgatanga East,Rural,27043
Eastern,Ayensuano,Urban,27029
Western,Mpohor,Urban,26879
Central,Twifo Ati Morkwa,Urban,26779
Eastern,Kwahu Afram Plains South,Urban,26775
Greater Accra,Ada East,Urban,26729
Eastern,Birim North,Urban,26711
Eastern,Asuogyaman,Urban,26517
Oti,Biakoye,Urban,26476
Upper East,Pusiga,Urban,25965
Northern,Tolon,Urban,25841
Eastern,Atiwa East,Urban,25528
Central,Upper Denkyira West,Urban,25398
Ashanti,Atwima Mponua,Urban,25310
Western,Mpohor,Rural,24950
Western North,Juaboso,Urban,24730
Eastern,Fanteakwa South,Urban,24542
Eastern,Denkyembuor,Rural,24329
Savannah,West Gonja,Rural,24267
Oti,Kadjebi,Urban,23963
Oti,Krachi Nchumuru,Urban,23935
Western,Nzema East Municipal,Urban,23846
Ashanti,Sekyere Central,Urban,23272
Western North,Suaman,Rural,23203
Eastern,Fanteakwa North,Urban,23121
Ashanti,Obuasi East,Rural,22967
North East,Bunkpurugu Nakpanduri,Urban,22893
Greater Accra,Kpone Katamanso Municipal,Rural,22531
Ashanti,Juaben Municipal,Urban,22489
Northern,Nanumba South,Urban,22430
Savannah,Sawla Tuna Kalba,Urban,22425
Western North,Bodi,Urban,22425
Northern,Zabzugu,Urban,22298
Upper East,Bawku West,Urban,21625
Eastern,Upper Manya Krobo,Urban,21394
Ashanti,Amansie South,Urban,21259
Central,Gomoa Central,Urban,21147
Ashanti,Adansi North,Urban,20965
Eastern,Atiwa West,Urban,20324
Eastern,Birim South,Rural,20265
Central,Assin North,Urban,20235
Greater Accra,La Nkwantanang Madina Municipal,Rural,19729
Ashanti,Adansi South,Urban,19179
Bono,Dormaa East,Rural,19130
Northern,Kpandai,Urban,18899
Upper West,Sissala East Municipal,Urban,18688
Central,Twifo Heman Lower Denkyira,Urban,18676
Western,Wassa Amenfi Central,Urban,18660
Upper West,Jirapa Municipal,Urban,18531
Upper East,Kasena Nankana West,Urban,18312
Savannah,North Gonja,Urban,18116
Greater Accra,Adentan Municipal,Rural,18111
Bono East,Sene West,Urban,18071
Volta,South Dayi,Urban,17903
Greater Accra,Ga East Municipal,Rural,17630
Volta,Ho West,Urban,16821
Bono,Dormaa West,Urban,16249
Bono,Berekum West,Urban,16045
Western North,Aowin Municipal,Urban,15891
Ashanti,Ahafo Ano South East,Urban,15606
Eastern,Birim South,Urban,15256
Bono,Berekum East Municipal,Rural,15091
Western North,Suaman,Urban,15065
Oti,Krachi West Municipal,Urban,15028
Western,Wassa East,Urban,14750
Upper West,Nadowli Kaleo,Urban,14696
Oti,Jasikan Municipal,Urban,14579
Eastern,Kwahu Afram Plains North,Urban,14456
Ashanti,Ahafo Ano South West,Urban,14417
North East,Chereponi,Urban,14404
Bono East,Kintampo South,Urban,13659
Central,Ekumfi,Urban,13297
Northern,Nanton,Urban,13198
North East,Mamprugu Moagduri,Urban,12850
Ashanti,Obuasi Municipal,Rural,12838
Upper East,Tempane,Urban,12751
Western North,Sefwi Akontombra,Urban,12549
Ashanti,Amansie Central,Urban,12121
Bono East,Nkoranza North,Urban,12081
Volta,Afadzato South,Urban,11969
Eastern,New Juaben North Municipal,Rural,11910
Upper East,Garu,Urban,11869
Upper East,Bolgatanga East,Urban,11781
Volta,Central Tongu,Urban,11250
Ashanti,Akrofuom,Urban,10799
Northern,Saboba,Urban,10785
Northern,Tatale Sanguli,Urban,10605
Eastern,Okere,Urban,10489
Eastern,Abuakwa North Municipal,Rural,10407
Upper East,Talensi,Urban,10390
Northern,Mion,Urban,9876
Upper West,Lawra Municipal,Urban,9421
Central,Effutu Municipal,Rural,8931
Volta,Agortime-Ziope,Urban,8907
Upper West,Lambussie Karni,Urban,7837
Upper West,Sissala West,Urban,7562
Upper East,Bongo,Urban,7308
Bono East,Sene East,Urban,7129
Central,Awutu Senya East Municipal,Rural,6769
Upper West,Nandom,Urban,6730
Upper East,Builsa South,Urban,5859
Upper East,Builsa North Municipal,Urban,5780
Upper West,Wa East,Urban,5619
Ashanti,Sekyere Afram Plains,Urban,5571
Upper West,Daffiama Bussie Issa,Urban,5110
Eastern,New Juaben South Municipal,Rural,4670
Eastern,Birim Central Municipal,Rural,2330
