region,district,population
Ashanti,Kumasi Metropolitan Area (KMA),444163
Greater Accra,Kpone Katamanso Municipal,412816
Northern,Tamale Metropolitan Area (TMA),374907
Greater Accra,Ga South Municipal,350290
Northern,Sagnarigu Municipal,341737
Greater Accra,Ga Central Municipal,332479
Greater Accra,Ga West Municipal,314495
Central,Gomoa East,308537
Ashanti,Kwabre East,296300
Greater Accra,Accra Metropolitan Area (AMA),284628
Greater Accra,Ga East Municipal,283255
Greater Accra,Adentan Municipal,265610
Volta,Ketu South Municipal,252579
Western,Sekondi Takoradi Metropolitan Area (STMA),244789
Bono East,Techiman Municipal,243340
Central,Awutu Senya East Municipal,236507
Greater Accra,Ga North Municipal,235408
Ashanti,Atwima Kwanwoma,235055
Ashanti,Afigya Kwabre South,234587
Western,Prestea/Huni Valley Municipal,229014
Greater Accra,La Nkwantanang Madina Municipal,220852
Western,Tarkwa-Nsuaem Municipal,219383
Greater Accra,Ledzokuku Municipal,217398
Greater Accra,Weija Gbawe Municipal,213443
Ashanti,Oforikrom Municipal,213000
Greater Accra,Ashaiman Municipal,207871
Greater Accra,Ningo-Prampram,204534
Upper West,Wa Municipal,200887
Greater Accra,Tema West Municipal,196424
Bono,Sunyani Municipal,193463
Ashanti,Asokore Mampong Municipal,191696
Central,Cape Coast Metropolitan Area (CCMA),189845
Northern,Nanumba North Municipal,188896
North East,East Mamprusi Municipal,187904
Ashanti,Ejisu Municipal,180801
Volta,Ho Municipal,180193
Western,Wassa Amenfi East Municipal,179834
Greater Accra,Tema Metropolitan Area (TMA),178138
North East,West Mamprusi Municipal,176040
Western,Effia Kwesimintsim Municipal,173909
Central,Mfantsiman Municipal,169299
Greater Accra,Ablekuma Central Municipal,169189
Western North,Bibiani Anhwiaso Bekwai Municipal,168055
Central,Komenda Edina Eguafo Abirem Municipal,166153
Ashanti,Bosomtwi,165019
Ashanti,Atwima Nwabiagya South Municipal,161609
Central,Awutu Senya,161053
Greater Accra,Okaikoi North Municipal,160492
Greater Accra,Ablekuma North Municipal,159191
Eastern,Nsawam Adoagyiri Municipal,155890
Ashanti,Atwima Mponua,155253
Ashanti,Atwima Nwabiagya North,155241
Ashanti,Kwadaso Municipal,154471
Northern,Yendi Municipal,154436
Northern,Gushegu Municipal,153931
Western,Ahanta West Municipal,153505
Greater Accra,Ablekuma West Municipal,153474
Ahafo,Asunafo North Municipal,151233
Western North,Sefwi Wiawso Municipal,151040
Eastern,Kwahu West Municipal,146064
Bono East,Atebubu Amantin Municipal,144849
Upper East,Bawku West,144194
Greater Accra,Krowor Municipal,143188
Savannah,Central Gonja,142785
Upper East,Bolgatanga Municipal,142559
Greater Accra,La Dade-Kotopon Municipal,140365
Bono East,Kintampo North Municipal,140257
Ashanti,Bekwai Municipal,138321
Ashanti,Ejura Sekyedumase Municipal,137767
Ashanti,Offinso Municipal,137496
Ashanti,Suame Municipal,136414
Central,Agona West Municipal,136309
Bono,Sunyani West Municipal,136042
Oti,Nkwanta South Municipal,135944
Western North,Aowin Municipal,133318
Western,Wassa Amenfi West Municipal,131099
Eastern,New Juaben South Municipal,129978
Central,Gomoa West,129477
Central,Asikuma Odoben Brakwa,126891
Eastern,Suhum Municipal,126330
Western,Jomoro Municipal,126315
Northern,Kpandai,126251
Oti,Nkwanta North (Kpassa),126070
Ashanti,Asokwa Municipal,125627
Bono,Wenchi Municipal,124729
Central,Abura Asebu Kwamankese,124321
Ashanti,Asante Akim South Municipal,123458
Northern,Savelugu Municipal,122734
Eastern,Yilo Krobo Municipal,122439
Eastern,Lower Manya Krobo Municipal,122096
Eastern,Kwaebibirem Municipal,121534
Western,Ellembelle,121249
Central,Ajumako Enyan Essiam,120682
Ashanti,Sekyere South,119777
Upper East,Bawku Municipal,119449
Eastern,West Akim Municipal,118227
Western,Wassa Amenfi Central,118190
Northern,Tolon,117930
Savannah,East Gonja Municipal,117820
Western,Shama,117189
Ashanti,Mampong Municipal,116733
Bono,Jaman North,116486
Upper East,Bongo,116372
Western North,Bia West,115820
Savannah,Bole,115784
Bono,Tain,115529
Volta,Ketu North Municipal,114972
Ashanti,Old Tafo Municipal,114640
Bono East,Nkoranza South Municipal,114524
Volta,Hohoe Municipal,114473
Northern,Karaga,114249
Volta,South Tongu,113377
Ashanti,Amansie South,113023
Savannah,Sawla Tuna Kalba,112644
Bono,Dormaa Central Municipal,112614
Ashanti,Amansie West,112214
Volta,North Tongu,111297
Northern,Kumbungu,110870
Oti,Krachi East Municipal,110486
Central,Upper Denkyira East Municipal,110123
Bono,Jaman South,109801
Central,Effutu Municipal,108698
Bono,Berekum East Municipal,106416
Northern,Nanumba South,106380
Central,Assin South,106064
Greater Accra,Shai-Osudoku,105522
Eastern,Akwapim North Municipal,105285
Ashanti,Obuasi Municipal,104425
Bono East,Techiman North,102577
Eastern,Asuogyaman,101379
Bono East,Pru East,100902
Central,Twifo Ati Morkwa,100877
Upper East,Kasena Nankana Municipal,99877
Western,Wassa East,99543
Central,Agona East,98733
Upper West,Wa West,97042
Eastern,Upper West Akim,95981
Northern,Saboba,95697
Northern,Mion,94912
Western,Nzema East Municipal,94863
Volta,Anloga,94619
Greater Accra,Ayawaso Central Municipal,94575
Eastern,Ayensuano,94385
Ahafo,Tano North Municipal,93875
Ashanti,Amansie Central,93415
Ashanti,Ahafo Ano North Municipal,92759
Ashanti,Obuasi East,92318
Volta,Akatsi South Municipal,92260
Ahafo,Asunafo South,91627
Upper West,Wa East,91567
Ashanti,Asante Akim Central Municipal,91529
Central,Upper Denkyira West,91252
Upper West,Jirapa Municipal,91194
Eastern,Akyemansa,91017
Upper East,Kasena Nankana West,90782
Central,Assin Fosu Municipal,89218
Western North,Juaboso,88840
Eastern,Abuakwa South Municipal,88762
Eastern,New Juaben North Municipal,88520
Bono East,Kintampo South,88411
Ahafo,Tano South Municipal,87177
Upper East,Talensi,87090
North East,Chereponi,87055
Upper East,Tempane,86925
Ashanti,Asante Akim North Municipal,85679
Ashanti,Adansi South,85554
Ashanti,Offinso North,83643
Volta,Central Tongu,83273
Volta,Ho West,83083
Northern,Zabzugu,82754
Eastern,Birim North,82673
North East,Bunkpurugu Nakpanduri,82391
Central,Gomoa Central,82379
Upper East,Pusiga,80606
Central,Assin North,80601
Upper West,Sissala East Municipal,80593
Eastern,Kwahu East,80320
Oti,Krachi Nchumuru,80014
Eastern,Kwahu South Municipal,79700
Volta,Keta Municipal,78705
Eastern,Asene Manso Akroso,77437
Upper West,Nadowli Kaleo,77064
Upper East,Binduri,76836
Eastern,Denkyembuor,76757
Greater Accra,Ada East,76717
Eastern,Akwapim South Municipal,76533
Eastern,Birim Central Municipal,76244
Greater Accra,Ada West,75978
Eastern,Abuakwa North Municipal,75871
Greater Accra,Ayawaso West Municipal,75260
Ashanti,Sekyere East,74747
Northern,Tatale Sanguli,74694
Eastern,Kwahu Afram Plains South,74256
Oti,Kadjebi,73769
Ahafo,Asutifi North,73547
Ashanti,Afigya Kwabre North,73180
Volta,Afadzato South,73162
Ashanti,Sekyere Central,72896
Bono East,Sene East,72203
Ashanti,Adansi Asokwa,71958
Upper East,Garu,71715
Oti,Biakoye,71629
Eastern,Upper Manya Krobo,70500
Bono East,Sene West,70153
Bono East,Pru West,69812
Greater Accra,Korle Klottey Municipal,68698
North East,Mamprugu Moagduri,68690
Bono,Dormaa East,68110
Ahafo,Asutifi South,67382
Western North,Sefwi Akontombra,66767
Eastern,Kwahu Afram Plains North,66402
Central,Twifo Heman Lower Denkyira,66166
Western North,Bodi,65844
Ashanti,Ahafo Ano South West,65378
Eastern,Atiwa East,64615
Ashanti,Sekyere Kumawu,64310
Ashanti,Juaben Municipal,63977
Upper West,Sissala West,63814
Ashanti,Ahafo Ano South East,63404
Savannah,West Gonja,63343
Greater Accra,Ayawaso North Municipal,62985
Ashanti,Bosome Freho,62224
Savannah,North Gonja,61547
Oti,Krachi West Municipal,61503
Eastern,Atiwa West,61283
Oti,Jasikan Municipal,59737
Volta,Kpando Municipal,58470
Upper West,Lawra Municipal,58428
Volta,South Dayi,57518
Eastern,Fanteakwa North,56953
North East,Yunyoo Nasuan,56931
Central,Ekumfi,56759
Upper East,Builsa North Municipal,56490
Bono East,Nkoranza North,56457
Eastern,Achiase,56322
Eastern,Fanteakwa South,54961
Ashanti,Adansi North,54253
Western North,Bia East,53132
Upper East,Nabdam,53040
Greater Accra,Ayawaso East Municipal,52780
Western,Mpohor,51829
Eastern,Okere,51605
Upper West,Nandom,51210
Upper West,Lambussie Karni,51129
Northern,Nanton,50771
Bono,Berekum West,49564
Ashanti,Akrofuom,49185
Bono,Dormaa West,47937
Volta,Agortime-Ziope,40127
Volta,North Dayi,39642
Savannah,North East Gonja,39480
Upper East,Bolgatanga East,38824
Volta,Adaklu,38752
Upper West,Daffiama Bussie Issa,38750
Western North,Suaman,38268
Upper East,Builsa South,36656
Eastern,Birim South,35522
Ashanti,Sekyere Afram Plains,33173
Volta,Akatsi North,32725
Oti,Guan,28268
Bono,Banda,28103
