district,region,population,outlets,wholesale,pharmacies_per_100k,pop_per_pharmacy,hhi
Nanumba North Municipal,Northern,188896.0,1,0,0.5293918346603421,188896.0,10000.0
East Mamprusi Municipal,North East,187904.0,1,1,0.5321866485013623,187904.0,10000.0
Gushegu Municipal,Northern,153931.0,1,1,0.6496417225899916,153931.0,10000.0
Aowin Municipal,Western North,133318.0,1,1,0.7500862599198908,133318.0,10000.0
Kpandai,Northern,126251.0,1,1,0.7920729340757697,126251.0,10000.0
Savelugu Municipal,Northern,122734.0,1,1,0.8147701533397429,122734.0,10000.0
Tolon,Northern,117930.0,1,0,0.8479606546256254,117930.0,10000.0
East Gonja Municipal,Savannah,117820.0,1,0,0.8487523340689187,117820.0,10000.0
Bongo,Upper East,116372.0,1,1,0.8593132368611007,116372.0,10000.0
Bia West,Western North,115820.0,1,0,0.8634087376964255,115820.0,10000.0
Tain,Bono,115529.0,1,0,0.8655835331388656,115529.0,10000.0
Sawla Tuna Kalba,Savannah,112644.0,1,0,0.8877525656049147,112644.0,10000.0
Kumbungu,Northern,110870.0,1,0,0.9019572472264815,110870.0,10000.0
Jaman South,Bono,109801.0,1,1,0.9107385178641361,109801.0,10000.0
Techiman North,Bono East,102577.0,1,0,0.9748774091657973,102577.0,10000.0
Nzema East Municipal,Western,94863.0,1,0,1.0541517767728197,94863.0,10000.0
Asunafo South,Ahafo,91627.0,1,0,1.0913813613891101,91627.0,10000.0
Akyemansa,Eastern,91017.0,1,0,1.0986958480283904,91017.0,10000.0
Juaboso,Western North,88840.0,1,1,1.1256190904997747,88840.0,10000.0
Kintampo South,Bono East,88411.0,1,1,1.131080974086935,88411.0,10000.0
Talensi,Upper East,87090.0,1,0,1.1482374555057986,87090.0,10000.0
Central Tongu,Volta,83273.0,1,1,1.2008694294669342,83273.0,10000.0
Ho West,Volta,83083.0,1,0,1.2036156614469868,83083.0,10000.0
Bunkpurugu Nakpanduri,North East,82391.0,1,0,1.2137248000388392,82391.0,10000.0
Sissala East Municipal,Upper West,80593.0,1,1,1.2408025510900451,80593.0,10000.0
Kwahu East,Eastern,80320.0,1,1,1.245019920318725,80320.0,10000.0
Atwima Mponua,Ashanti,155253.0,2,2,1.2882198733679864,77626.5,5000.0
Nadowli Kaleo,Upper West,77064.0,1,0,1.2976227551126336,77064.0,10000.0
Sekyere Central,Ashanti,72896.0,1,0,1.371817383669886,72896.0,10000.0
Bawku West,Upper East,144194.0,2,2,1.3870202643660623,72097.0,5000.0
Biakoye,Oti,71629.0,1,0,1.3960825922461573,71629.0,10000.0
Central Gonja,Savannah,142785.0,2,1,1.4007073572153939,71392.5,5000.0
Upper Manya Krobo,Eastern,70500.0,1,0,1.4184397163120568,70500.0,10000.0
Sene West,Bono East,70153.0,1,1,1.425455789488689,70153.0,10000.0
Kwahu Afram Plains North,Eastern,66402.0,1,1,1.5059787355802536,66402.0,10000.0
Gomoa West,Central,129477.0,2,2,1.5446758883817204,64738.5,5000.0
Asikuma Odoben Brakwa,Central,126891.0,2,1,1.5761559133429477,63445.5,5000.0
Abura Asebu Kwamankese,Central,124321.0,2,2,1.6087386684470042,62160.5,5000.0
Sekyere South,Ashanti,119777.0,2,1,1.6697696552760546,59888.5,5000.0
West Mamprusi Municipal,North East,176040.0,3,2,1.7041581458759374,58680.0,3333.0
Jaman North,Bono,116486.0,2,1,1.7169445255223803,58243.0,5000.0
Bole,Savannah,115784.0,2,1,1.7273543840254266,57892.0,5000.0
Nabdam,Upper East,53040.0,1,0,1.8853695324283561,53040.0,10000.0
Assin South,Central,106064.0,2,1,1.8856539447880525,53032.0,5000.0
Yendi Municipal,Northern,154436.0,3,0,1.9425522546556502,51478.666666666664,3333.0
Nandom,Upper West,51210.0,1,0,1.9527436047646947,51210.0,10000.0
Agona East,Central,98733.0,2,1,2.025665177802761,49366.5,5000.0
Atebubu Amantin Municipal,Bono East,144849.0,3,1,2.0711223411966944,48283.0,3333.0
Nkwanta South Municipal,Oti,135944.0,3,2,2.2067910316012473,45314.666666666664,3333.0
Wassa Amenfi East Municipal,Western,179834.0,4,1,2.2242734966691504,44958.5,2500.0
Tano South Municipal,Ahafo,87177.0,2,2,2.2941830987531113,43588.5,5000.0
Adansi South,Ashanti,85554.0,2,2,2.3377048413867265,42777.0,5000.0
Ajumako Enyan Essiam,Central,120682.0,3,2,2.4858719610215276,40227.333333333336,3333.0
Kwahu South Municipal,Eastern,79700.0,2,0,2.509410288582183,39850.0,5000.0
Bawku Municipal,Upper East,119449.0,3,2,2.511532118309906,39816.333333333336,3333.0
Wassa Amenfi Central,Western,118190.0,3,3,2.5382858109823165,39396.666666666664,3333.0
Suaman,Western North,38268.0,1,1,2.613149367617853,38268.0,10000.0
Nkoranza South Municipal,Bono East,114524.0,3,1,2.619538262722224,38174.666666666664,3333.0
Kwahu Afram Plains South,Eastern,74256.0,2,0,2.6933850463262226,37128.0,5000.0
Afadzato South,Volta,73162.0,2,0,2.733659550039638,36581.0,10000.0
Sene East,Bono East,72203.0,2,1,2.7699680068695205,36101.5,5000.0
Ejura Sekyedumase Municipal,Ashanti,137767.0,4,2,2.903452931398666,34441.75,2500.0
Asokore Mampong Municipal,Ashanti,191696.0,6,1,3.129955763291879,31949.333333333332,1667.0
West Gonja,Savannah,63343.0,2,1,3.15741281593862,31671.5,5000.0
Akatsi South Municipal,Volta,92260.0,3,2,3.251680034684587,30753.333333333332,3333.0
Krachi West Municipal,Oti,61503.0,2,1,3.251873892330455,30751.5,5000.0
Jirapa Municipal,Upper West,91194.0,3,2,3.2896901111915255,30398.0,3333.0
Kwaebibirem Municipal,Eastern,121534.0,4,2,3.291260058913555,30383.5,2500.0
Ellembelle,Western,121249.0,4,3,3.2989962803816937,30312.25,3750.0
Jasikan Municipal,Oti,59737.0,2,0,3.3480087717829825,29868.5,5000.0
Lawra Municipal,Upper West,58428.0,2,0,3.42301636201821,29214.0,5000.0
Ketu North Municipal,Volta,114972.0,4,2,3.4791079567198975,28743.0,2500.0
Amansie West,Ashanti,112214.0,4,2,3.564617605646354,28053.5,2500.0
Offinso North,Ashanti,83643.0,3,0,3.586671927118826,27881.0,3333.0
North Tongu,Volta,111297.0,4,4,3.5939872593151656,27824.25,2500.0
Komenda Edina Eguafo Abirem Municipal,Central,166153.0,6,4,3.6111295011224596,27692.166666666668,1667.0
Krachi East Municipal,Oti,110486.0,4,2,3.62036819144507,27621.5,2500.0
Bia East,Western North,53132.0,2,1,3.764209892343597,26566.0,5000.0
Wassa Amenfi West Municipal,Western,131099.0,5,5,3.813911624039848,26219.8,2000.0
Denkyembuor,Eastern,76757.0,3,3,3.9084383183292726,25585.666666666668,3333.0
Pru East,Bono East,100902.0,4,2,3.9642425323581296,25225.5,3750.0
Kasena Nankana Municipal,Upper East,99877.0,4,4,4.004926059052635,24969.25,3750.0
Kadjebi,Oti,73769.0,3,2,4.066748905366754,24589.666666666668,3333.0
Lower Manya Krobo Municipal,Eastern,122096.0,5,2,4.0951382518673825,24419.2,2000.0
Dormaa West,Bono,47937.0,2,1,4.1721426038341995,23968.5,5000.0
Amansie Central,Ashanti,93415.0,4,0,4.281967564095702,23353.75,2500.0
Ahafo Ano North Municipal,Ashanti,92759.0,4,4,4.312250024256406,23189.75,2500.0
Dormaa East,Bono,68110.0,3,0,4.404639553663192,22703.333333333332,3333.0
South Tongu,Volta,113377.0,5,3,4.410065533573829,22675.4,2800.0
Asutifi South,Ahafo,67382.0,3,2,4.452227597874803,22460.666666666668,3333.0
Twifo Heman Lower Denkyira,Central,66166.0,3,2,4.534050720914064,22055.333333333332,3333.0
Ahanta West Municipal,Western,153505.0,7,3,4.560112048467476,21929.285714285714,1429.0
Asante Akim South Municipal,Ashanti,123458.0,6,3,4.85995237246675,20576.333333333332,1667.0
Agortime-Ziope,Volta,40127.0,2,1,4.984175243601565,20063.5,5000.0
Kintampo North Municipal,Bono East,140257.0,7,6,4.990838246932417,20036.714285714286,1837.0
Wassa East,Western,99543.0,5,3,5.022954903910873,19908.6,2000.0
North Dayi,Volta,39642.0,2,1,5.045154129458655,19821.0,5000.0
West Akim Municipal,Eastern,118227.0,6,4,5.074982871932807,19704.5,1667.0
Keta Municipal,Volta,78705.0,4,1,5.08226923321263,19676.25,2500.0
Shama,Western,117189.0,6,2,5.11993446483885,19531.5,1667.0
Mampong Municipal,Ashanti,116733.0,6,3,5.13993472282902,19455.5,2222.0
Gomoa East,Central,308537.0,16,6,5.185763781977526,19283.5625,703.0
South Dayi,Volta,57518.0,3,1,5.2157585451510835,19172.666666666668,3333.0
Akwapim South Municipal,Eastern,76533.0,4,2,5.226503599754355,19133.25,2500.0
Sagnarigu Municipal,Northern,341737.0,18,5,5.267208408805602,18985.38888888889,556.0
Sefwi Wiawso Municipal,Western North,151040.0,8,8,5.296610169491525,18880.0,1250.0
Sekyere East,Ashanti,74747.0,4,3,5.351385339879862,18686.75,2500.0
Asutifi North,Ahafo,73547.0,4,2,5.438699063184086,18386.75,2500.0
Upper Denkyira West,Central,91252.0,5,3,5.479331959847455,18250.4,2000.0
Jomoro Municipal,Western,126315.0,7,6,5.541701302299806,18045.0,1429.0
Sunyani West Municipal,Bono,136042.0,8,4,5.880536893018332,17005.25,1250.0
Mfantsiman Municipal,Central,169299.0,10,6,5.906709431242949,16929.9,1000.0
Ketu South Municipal,Volta,252579.0,15,11,5.938735999429881,16838.6,844.0
Asunafo North Municipal,Ahafo,151233.0,9,5,5.95108210509611,16803.666666666668,1358.0
Sekyere Afram Plains,Ashanti,33173.0,2,0,6.028999487535043,16586.5,5000.0
Birim North,Eastern,82673.0,5,1,6.0479237477773875,16534.6,2000.0
Prestea/Huni Valley Municipal,Western,229014.0,14,8,6.113163387391164,16358.142857142857,714.0
Assin North,Central,80601.0,5,3,6.2033969801863496,16120.2,2800.0
Suhum Municipal,Eastern,126330.0,8,5,6.332620913480566,15791.25,2188.0
Tano North Municipal,Ahafo,93875.0,6,4,6.391478029294274,15645.833333333334,2222.0
Bekwai Municipal,Ashanti,138321.0,9,6,6.506604203266315,15369.0,1111.0
Ada East,Greater Accra,76717.0,5,4,6.517460276079618,15343.4,2000.0
Bibiani Anhwiaso Bekwai Municipal,Western North,168055.0,11,11,6.545476183392342,15277.727272727272,909.0
Offinso Municipal,Ashanti,137496.0,9,3,6.545644964217142,15277.333333333334,1111.0
Asante Akim Central Municipal,Ashanti,91529.0,6,1,6.555299413300702,15254.833333333334,1667.0
Birim Central Municipal,Eastern,76244.0,5,3,6.557893080111222,15248.8,2000.0
Ada West,Greater Accra,75978.0,5,1,6.58085235199663,15195.6,2000.0
Upper Denkyira East Municipal,Central,110123.0,8,7,7.264604124478991,13765.375,1250.0
Yilo Krobo Municipal,Eastern,122439.0,9,4,7.350599073824517,13604.333333333334,1111.0
Asuogyaman,Eastern,101379.0,8,4,7.891180619260399,12672.375,1250.0
Dormaa Central Municipal,Bono,112614.0,9,4,7.991901539773029,12512.666666666666,1852.0
Wenchi Municipal,Bono,124729.0,10,2,8.017381683489806,12472.9,1800.0
Asante Akim North Municipal,Ashanti,85679.0,7,5,8.170029995681555,12239.857142857143,1429.0
Kwahu West Municipal,Eastern,146064.0,12,6,8.21557673348669,12172.0,833.0
Kpone Katamanso Municipal,Greater Accra,412816.0,34,7,8.236114879268246,12141.64705882353,294.0
Birim South,Eastern,35522.0,3,3,8.445470412701988,11840.666666666666,3333.0
Wa Municipal,Upper West,200887.0,17,11,8.462468950205837,11816.882352941177,588.0
Akwapim North Municipal,Eastern,105285.0,9,3,8.548226243054566,11698.333333333334,1111.0
Kpando Municipal,Volta,58470.0,5,3,8.551393877201985,11694.0,2000.0
Hohoe Municipal,Volta,114473.0,10,2,8.735684397194097,11447.3,1400.0
Agona West Municipal,Central,136309.0,12,5,8.803527279930158,11359.083333333334,833.0
Afigya Kwabre South,Ashanti,234587.0,21,5,8.951902705606022,11170.809523809523,476.0
Effutu Municipal,Central,108698.0,10,5,9.19980128429226,10869.8,1200.0
Atiwa East,Eastern,64615.0,6,2,9.285769558152133,10769.166666666666,1667.0
Nsawam Adoagyiri Municipal,Eastern,155890.0,15,8,9.622169478478416,10392.666666666666,667.0
Techiman Municipal,Bono East,243340.0,24,17,9.862743486479822,10139.166666666666,417.0
Atwima Kwanwoma,Ashanti,235055.0,24,10,10.210376294909702,9793.958333333334,451.0
Kwabre East,Ashanti,296300.0,31,8,10.462369220384746,9558.064516129032,364.0
Fanteakwa North,Eastern,56953.0,6,4,10.535002545958948,9492.166666666666,1667.0
Bosomtwi,Ashanti,165019.0,21,4,12.725807331277005,7858.047619047619,476.0
Tarkwa-Nsuaem Municipal,Western,219383.0,31,19,14.130538829353233,7076.870967741936,427.0
Bolgatanga Municipal,Upper East,142559.0,21,10,14.730743060767823,6788.523809523809,476.0
Adansi North,Ashanti,54253.0,8,4,14.74572834681953,6781.625,1250.0
La Dade-Kotopon Municipal,Greater Accra,140365.0,21,9,14.960994549923415,6684.047619047619,522.0
Tamale Metropolitan Area (TMA),Northern,374907.0,63,32,16.804167433523514,5950.9047619047615,174.0
Awutu Senya East Municipal,Central,236507.0,40,19,16.91281864807384,5912.675,325.0
Shai-Osudoku,Greater Accra,105522.0,20,8,18.953393605124997,5276.1,500.0
Cape Coast Metropolitan Area (CCMA),Central,189845.0,36,15,18.96283810476968,5273.472222222223,309.0
Ho Municipal,Volta,180193.0,37,19,20.5335390386974,4870.081081081081,314.0
Ningo-Prampram,Greater Accra,204534.0,42,8,20.53448326439614,4869.857142857143,283.0
Ejisu Municipal,Ashanti,180801.0,39,19,21.57067715333433,4635.923076923077,256.0
Awutu Senya,Central,161053.0,36,22,22.3528900424084,4473.694444444444,293.0
Ashaiman Municipal,Greater Accra,207871.0,50,22,24.053379259252132,4157.42,240.0
Sunyani Municipal,Bono,193463.0,48,28,24.810945762238774,4030.4791666666665,286.0
Ga Central Municipal,Greater Accra,332479.0,89,23,26.768607942155743,3735.7191011235955,115.0
Obuasi Municipal,Ashanti,104425.0,29,12,27.771127603543214,3600.862068965517,369.0
New Juaben South Municipal,Eastern,129978.0,45,24,34.621243595069934,2888.4,262.0
Ledzokuku Municipal,Greater Accra,217398.0,85,14,39.098795757090684,2557.6235294117646,134.0
Sekondi Takoradi Metropolitan Area (STMA),Western,244789.0,98,50,40.0344786734698,2497.8469387755104,129.0
La Nkwantanang Madina Municipal,Greater Accra,220852.0,90,20,40.751272345281,2453.911111111111,136.0
Ga South Municipal,Greater Accra,350290.0,156,32,44.53452853350082,2245.448717948718,80.0
Ga West Municipal,Greater Accra,314495.0,155,47,49.28536224741252,2029.0,71.0
Ga East Municipal,Greater Accra,283255.0,160,43,56.486205009620306,1770.34375,70.0
Adentan Municipal,Greater Accra,265610.0,203,37,76.42784533714845,1308.423645320197,55.0
Kumasi Metropolitan Area (KMA),Ashanti,444163.0,471,166,106.04215119224247,943.0212314225053,29.0
Tema Metropolitan Area (TMA),Greater Accra,178138.0,199,43,111.71114529185239,895.1658291457286,92.0
Accra Metropolitan Area (AMA),Greater Accra,284628.0,628,278,220.63886897986143,453.22929936305735,40.0
Ahafo Ano South Municipal,,,3,2,,,
Atwima Nwabiagya North Municipal,,,28,5,,,
Berekum East,,,7,3,,,
East Akim Municipal,,,8,3,,,
Nkwanta North,,,4,3,,,
Techiman South Municipal,,,3,2,,,
